{"00034-1361258676.png": [88, 89, 56, 5205.441698545557], "Art_therapy.png": [94, 76, 80, 5131.093577262511], "meditation.png": [52, 39, 37, 2269.8454796407373]}