{"20221219_192330.jpg": [116, 125, 108, 3603.0080683074725], "IMG_6645.jpg": [162, 148, 141, 2665.7300367265725], "IMG_20160908_114246086-COLLAGE.jpg": [153, 125, 95, 5789.651151993981], "20210610_205345.jpg": [130, 109, 90, 3513.171614006144], "IMG_2741.jpg": [100, 99, 92, 4185.335181800277], "20220210_191758.jpg": [138, 147, 148, 4235.359487422899], "IMG_6870.jpg": [130, 142, 141, 5545.037806920569], "20200704_161425.jpg": [187, 168, 164, 4968.2452079368595], "IMG_3360.jpg": [89, 109, 140, 2976.957120937546], "Screenshot_20200808-100810_Photos.jpg": [106, 77, 87, 2886.5547417815073], "IMG_6908.jpg": [67, 40, 142, 2073.088985431192], "IMG-20210320-WA0036.jpg": [89, 106, 109, 5487.787908723699], "IMG_4384.jpg": [97, 82, 66, 4551.688402952205], "20200712_151341.jpg": [151, 144, 135, 4921.591967469462], "cb79440e-2f0c-4abf-8e94-8e5e315c14d7.jpg": [152, 146, 138, 4729.5851463188965], "20220522_171649.jpg": [118, 123, 121, 4017.908589252076], "20210123_161855.jpg": [138, 153, 137, 4477.307457540038], "55a8a39c-0e1d-4483-934f-e8a36cd3bf07.jpg": [117, 103, 101, 4301.786139134007], "20220210_134343.jpg": [127, 151, 164, 2310.9808573907326], "IMG-20201011-WA0025.jpg": [134, 143, 84, 2866.9956409887295], "IMG_6282.jpg": [109, 117, 117, 4550.127654712688], "20220327_125051.jpg": [135, 131, 115, 4654.021690562441], "20210828_180021.jpg": [124, 137, 141, 4551.648081074044]}